city,country,lat,lon,entity_count,origination_count,origination_rate,adoption_count,adoption_rate,avg_lag,median_lag,collaboration_count,weighted_degree,betweenness,eigenvector_centrality,population_million,gdp_per_capita,education_tertiary_pct,internet_users_pct,rd_expenditure_pct,research_capacity,timezone_utc,region,origination_rate_pop,adoption_rate_pop,collaboration_rate_pop,cluster,role
Beijing,China,39.9057132802139,116.40538483850268,187,248.0,1.3262032085561497,1729.0,9.245989304812834,4.86,1.0,9707.0,9707.0,0.0,0.2642154899401819,21.5,12720,60.0,73.0,2.55,3,8.0,East Asia,11.53,80.42,451.49,0,Global Innovation Hub
San Francisco,United States,37.7749,-122.41939999999998,158,252.0,1.5949367088607596,2111.0,13.360759493670884,6.95,2.0,11816.0,11816.0,0.0,0.3111285627360554,4.7,76330,88.2,92.0,3.46,2,-8.0,North America,53.62,449.15,2514.04,0,Global Innovation Hub
Shanghai,China,31.230434279527557,121.47355492913384,127,158.0,1.2440944881889764,1304.0,10.26771653543307,5.05,2.0,8552.0,8552.0,0.0,0.2354484736608088,24.9,12720,60.0,73.0,2.55,2,8.0,East Asia,6.35,52.37,343.45,0,Global Innovation Hub
Singapore,Singapore,1.3497828327731094,103.82222774621847,119,185.0,1.5546218487394958,875.0,7.352941176470588,5.83,2.0,6843.0,6843.0,0.0,0.1877781420770483,5.9,65640,91.0,96.0,1.93,2,7.0,Southeast Asia,31.36,148.31,1159.83,0,Global Innovation Hub
New York,United States,40.71488298024691,-74.00374946172839,81,103.0,1.271604938271605,1213.0,14.975308641975309,6.25,3.0,10075.0,10075.0,0.0,0.2672521218860355,20.1,76330,88.2,92.0,3.46,3,-5.0,North America,5.12,60.35,501.24,0,Global Innovation Hub
Hong Kong,China,22.3193,114.1694,75,119.0,1.586666666666667,572.0,7.626666666666667,5.84,1.0,4227.0,4227.0,0.0,0.1175168170268623,7.5,12720,60.0,73.0,2.55,3,7.5,East Asia,15.87,76.27,563.6,0,Global Innovation Hub
Hangzhou,China,30.273007104347823,120.1572797478261,69,104.0,1.5072463768115942,813.0,11.782608695652174,5.49,2.0,5693.0,5693.0,0.0,0.1631221488952725,12.2,12720,60.0,73.0,2.55,1,8.0,East Asia,8.52,66.64,466.64,0,Global Innovation Hub
London,United Kingdom,51.5074,-0.1278,69,83.0,1.2028985507246377,1138.0,16.492753623188406,7.04,4.0,9355.0,9355.0,0.0,0.2488247752944726,9.6,46125,62.0,95.0,2.9,5,0.0,Europe,8.65,118.54,974.48,0,Global Innovation Hub
Shenzhen,China,22.54327342352941,114.05750504705884,68,80.0,1.1764705882352942,723.0,10.632352941176473,6.26,3.0,5034.0,5034.0,0.0,0.1432233331290014,17.6,12720,60.0,73.0,2.55,1,7.5,East Asia,4.55,41.08,286.02,0,Global Innovation Hub
Paris,France,48.8566,2.3522,49,90.0,1.836734693877551,662.0,13.510204081632653,6.98,4.0,6246.0,6246.0,0.0,0.1673851311356064,12.3,42330,67.0,92.0,2.22,4,0.0,Europe,7.32,53.82,507.8,0,Global Innovation Hub
Palo Alto,United States,37.436524245,-122.152556925,40,49.0,1.225,284.0,7.1,5.45,2.0,2402.0,2402.0,0.0006808746251204,0.0681947097885525,0.07,76330,88.2,92.0,3.46,1,-8.0,North America,700.0,4057.14,34314.29,0,Global Innovation Hub
Tokyo,Japan,35.6762,139.6503,39,45.0,1.1538461538461535,1955.0,50.12820512820513,4.5,2.0,10772.0,10772.0,0.0,0.29101486501501,37.4,33815,65.5,93.0,3.26,3,9.5,East Asia,1.2,52.27,288.02,2,Active Collaborator
Seattle,United States,47.6062,-122.3321,35,76.0,2.1714285714285713,839.0,23.97142857142857,5.98,3.0,7848.0,7848.0,0.0,0.2116716599541687,4.0,76330,88.2,92.0,3.46,1,-8.0,North America,19.0,209.75,1962.0,0,Global Innovation Hub
Los Angeles,United States,34.10452473142857,-118.31108788000002,35,27.0,0.7714285714285715,410.0,11.714285714285714,7.02,3.0,4489.0,4489.0,0.0,0.1204049760031207,13.2,76330,88.2,92.0,3.46,2,-8.0,North America,2.05,31.06,340.08,2,Active Collaborator
Seoul,South Korea,37.5665,126.978,32,44.0,1.375,539.0,16.84375,8.48,5.0,5834.0,5834.0,0.0,0.1550049971054001,9.9,32255,98.0,97.6,4.93,3,8.5,East Asia,4.44,54.44,589.29,2,Active Collaborator
Bengaluru,India,12.9741434,77.59635198999999,30,45.0,1.5,675.0,22.5,7.65,5.0,6332.0,6332.0,0.0,0.1670044553082367,12.3,2485,30.0,52.0,0.65,1,5.0,South Asia,3.66,54.88,514.8,2,Active Collaborator
Berlin,Germany,52.517652946428576,13.401475092857142,28,37.0,1.3214285714285714,634.0,22.642857142857142,7.9,5.0,6251.0,6251.0,0.0,0.1690448839169595,3.6,51380,72.0,93.0,3.13,2,1.0,Europe,10.28,176.11,1736.39,0,Global Innovation Hub
Cambridge,United Kingdom,52.2053,0.1218,26,31.0,1.1923076923076923,336.0,12.923076923076923,7.95,4.5,3237.0,3237.0,0.0,0.0878119178596044,0.16,46125,62.0,95.0,2.9,2,0.0,Europe,193.75,2100.0,20231.25,0,Global Innovation Hub
Guangzhou,China,23.130136552,113.253171776,25,23.0,0.92,345.0,13.8,8.91,5.0,2799.0,2799.0,0.0,0.0797452662774887,18.7,12720,60.0,73.0,2.55,1,7.5,East Asia,1.23,18.45,149.68,2,Active Collaborator
Zurich,Switzerland,47.3769,8.5417,24,37.0,1.5416666666666667,387.0,16.125,8.3,5.0,4018.0,4018.0,0.0,0.1072039878188823,1.4,91930,63.0,96.0,3.37,2,0.5,Europe,26.43,276.43,2870.0,0,Global Innovation Hub
Toronto,Canada,43.6532,-79.3832,22,26.0,1.181818181818182,530.0,24.09090909090909,7.58,4.0,5733.0,5733.0,0.0,0.151721857286458,6.2,52080,75.0,93.0,1.69,2,-5.5,North America,4.19,85.48,924.68,2,Active Collaborator
Vancouver,Canada,49.2827,-123.1207,19,19.0,1.0,337.0,17.736842105263158,9.4,5.0,4092.0,4092.0,0.0,0.1082783504947761,2.6,52080,75.0,93.0,1.69,1,-8.0,North America,7.31,129.62,1573.85,2,Active Collaborator
Nanjing,China,32.0603,118.7969,19,28.0,1.4736842105263157,238.0,12.526315789473683,7.97,4.0,2193.0,2193.0,0.0001422279159611,0.0628996470470225,9.4,12720,60.0,73.0,2.55,1,8.0,East Asia,2.98,25.32,233.3,2,Active Collaborator
Pittsburgh,United States,40.4407747,-79.99310666842106,19,24.0,1.263157894736842,269.0,14.157894736842104,5.84,3.0,2365.0,2365.0,0.0002725803969423,0.0648964362746915,2.4,76330,88.2,92.0,3.46,1,-5.5,North America,10.0,112.08,985.42,2,Active Collaborator
Munich,Germany,48.1351,11.582,19,21.0,1.105263157894737,375.0,19.73684210526316,8.96,5.0,4428.0,4428.0,0.0,0.116334253290315,1.6,51380,72.0,93.0,3.13,2,1.0,Europe,13.12,234.38,2767.5,0,Global Innovation Hub
Amsterdam,Netherlands,52.3676,4.9041,18,26.0,1.4444444444444444,331.0,18.38888888888889,9.18,5.0,3966.0,3966.0,0.0,0.1040090475635885,1.2,57025,88.0,95.0,2.32,1,0.5,Europe,21.67,275.83,3305.0,0,Global Innovation Hub
Boston,United States,42.3601,-71.0589,18,25.0,1.3888888888888888,419.0,23.27777777777778,7.5,4.0,4537.0,4537.0,0.0,0.1218344174776722,4.9,76330,88.2,92.0,3.46,3,-4.5,North America,5.1,85.51,925.92,2,Active Collaborator
Chengdu,China,30.587311166666662,104.06621916666668,18,17.0,0.9444444444444444,305.0,16.944444444444443,8.08,4.0,2610.0,2610.0,0.0,0.0751028455907208,21.0,12720,60.0,73.0,2.55,1,7.0,East Asia,0.81,14.52,124.29,2,Active Collaborator
Austin,United States,30.267199999999995,-97.7431,17,18.0,1.0588235294117647,398.0,23.41176470588235,9.68,6.0,4573.0,4573.0,0.0,0.1196443627374776,2.3,76330,88.2,92.0,3.46,1,-6.5,North America,7.83,173.04,1988.26,2,Active Collaborator
Barcelona,Spain,41.3874,2.1686,17,18.0,1.0588235294117647,249.0,14.647058823529411,10.0,7.0,3167.0,3167.0,0.0,0.0825556149698109,5.6,30120,93.0,93.0,1.44,1,0.0,Europe,3.21,44.46,565.54,2,Active Collaborator
Sydney,Australia,-33.87615608823529,151.22484347058824,17,21.0,1.2352941176470589,306.0,18.0,8.78,5.0,3354.0,3354.0,0.0,0.0872221813203991,5.3,63530,113.0,96.0,1.68,2,10.0,Oceania,3.96,57.74,632.83,2,Active Collaborator
California,United States,36.61236681875,-119.137663425,16,0.0,0.0,0.0,0.0,,,0.0,0.0,0.0,0.0,39.5,76330,88.2,92.0,3.46,0,-8.0,North America,0.0,0.0,0.0,1,Peripheral / Late Adopter
Copenhagen,Denmark,55.681323,12.566489700000002,15,11.0,0.7333333333333333,101.0,6.733333333333333,8.77,6.0,1286.0,1286.0,0.0004990759567585,0.0334094084297116,1.4,67790,82.0,98.0,2.85,1,1.0,Europe,7.86,72.14,918.57,2,Active Collaborator
Berkeley,United States,37.87079056666666,-122.27186775333332,15,0.0,0.0,0.0,0.0,,,0.0,0.0,0.0,0.0,0.12,76330,88.2,92.0,3.46,1,-8.0,North America,0.0,0.0,0.0,1,Peripheral / Late Adopter
Melbourne,Australia,-37.80369720714286,144.96157312142856,14,18.0,1.2857142857142858,287.0,20.5,8.87,6.0,3212.0,3212.0,0.0,0.0844612625484206,5.1,63530,113.0,96.0,1.68,2,9.5,Oceania,3.53,56.27,629.8,2,Active Collaborator
New Delhi,India,28.6139,77.209,13,13.0,1.0,201.0,15.461538461538462,10.62,8.0,2132.0,2132.0,0.0033500281138159,0.0535517345506129,16.8,2485,30.0,52.0,0.65,1,5.0,South Asia,0.77,11.96,126.9,2,Active Collaborator
Montreal,Canada,45.5017,-73.5673,13,16.0,1.2307692307692308,258.0,19.846153846153847,8.05,5.0,3283.0,3283.0,0.0,0.0853987726782136,4.3,52080,75.0,93.0,1.69,1,-5.0,North America,3.72,60.0,763.49,2,Active Collaborator
Chicago,United States,41.8781,-87.6298,13,18.0,1.3846153846153846,301.0,23.153846153846153,8.51,5.0,3919.0,3919.0,0.0,0.1032208240984338,9.6,76330,88.2,92.0,3.46,1,-6.0,North America,1.88,31.35,408.23,2,Active Collaborator
Oxford,United Kingdom,51.752,-1.2577,13,13.0,1.0,105.0,8.076923076923077,8.87,5.0,981.0,981.0,0.0048889321188231,0.0259266130709313,0.15,46125,62.0,95.0,2.9,1,0.0,Europe,86.67,700.0,6540.0,0,Global Innovation Hub
Oregon,United States,43.08705668333334,-123.62964631666668,12,0.0,0.0,0.0,0.0,,,0.0,0.0,0.0,0.0,4.2,76330,88.2,92.0,3.46,0,-8.0,North America,0.0,0.0,0.0,1,Peripheral / Late Adopter
Stockholm,Sweden,59.3293,18.0686,11,12.0,1.0909090909090908,182.0,16.545454545454547,8.67,5.0,2298.0,2298.0,0.0,0.0600905086912593,1.6,55870,76.0,97.0,3.4,1,1.0,Europe,7.5,113.75,1436.25,2,Active Collaborator
Lisbon,Portugal,38.7223,-9.1393,11,19.0,1.7272727272727273,151.0,13.727272727272728,7.85,3.0,1668.0,1668.0,0.0040903922853853,0.0436230369210103,2.9,24570,72.0,84.0,1.69,1,-0.5,Europe,6.55,52.07,575.17,2,Active Collaborator
San Diego,United States,32.72753208181818,-117.16987001818184,11,11.0,1.0,207.0,18.818181818181817,8.37,6.0,2150.0,2150.0,0.0003792224444696,0.0566990746030776,3.3,76330,88.2,92.0,3.46,1,-8.0,North America,3.33,62.73,651.52,2,Active Collaborator
Atlanta,United States,33.74936862727273,-84.38624133636364,11,15.0,1.3636363636363635,243.0,22.09090909090909,8.65,6.0,2770.0,2770.0,0.0005071142518842,0.0725800891124862,6.1,76330,88.2,92.0,3.46,1,-5.5,North America,2.46,39.84,454.1,2,Active Collaborator
Wuhan,China,30.591535545454544,114.3042836090909,11,23.0,2.090909090909091,223.0,20.272727272727273,8.64,5.0,1956.0,1956.0,0.0,0.054706571393936,12.3,12720,60.0,73.0,2.55,1,7.5,East Asia,1.87,18.13,159.02,2,Active Collaborator
Taipei,Taiwan,25.033,121.5654,11,15.0,1.3636363636363635,227.0,20.636363636363637,7.77,5.0,2692.0,2692.0,0.0,0.0723875302232943,7.0,32756,84.0,90.0,3.76,1,8.0,East Asia,2.14,32.43,384.57,2,Active Collaborator
Xi'an,China,34.3416,108.93980000000002,10,12.0,1.2,103.0,10.3,8.71,6.0,1161.0,1161.0,0.0061309159981875,0.0309714102556732,13.0,12720,60.0,73.0,2.55,1,7.5,East Asia,0.92,7.92,89.31,3,Emerging Contributor
Redmond,United States,47.67097331,-122.12243859,10,186.0,18.6,300.0,30.0,3.08,0.0,2136.0,2136.0,0.0005391100618764,0.0618844842440045,0.07,76330,88.2,92.0,3.46,0,-8.0,North America,2657.14,4285.71,30514.29,0,Global Innovation Hub
Madrid,Spain,40.4168,-3.7038,10,13.0,1.3,228.0,22.8,8.16,5.0,2534.0,2534.0,0.0,0.0665350659191215,6.7,30120,93.0,93.0,1.44,1,0.0,Europe,1.94,34.03,378.21,2,Active Collaborator
Washington,United States,38.904412433333334,-77.0387889,9,8.0,0.8888888888888888,181.0,20.11111111111111,8.66,5.0,2440.0,2440.0,0.0,0.0643925126774737,6.3,76330,88.2,92.0,3.46,1,-5.0,North America,1.27,28.73,387.3,2,Active Collaborator
San Jose,United States,37.3382,-121.88630000000002,9,9.0,1.0,480.0,53.333333333333336,7.72,4.0,3061.0,3061.0,0.0,0.0823483853245463,2.0,76330,88.2,92.0,3.46,0,-8.0,North America,4.5,240.0,1530.5,2,Active Collaborator
Dallas,United States,32.80332655555556,-96.85244935555556,9,11.0,1.2222222222222223,130.0,14.444444444444445,8.13,5.0,1535.0,1535.0,0.0019975554725117,0.0398888979333961,7.6,76330,88.2,92.0,3.46,0,-6.5,North America,1.45,17.11,201.97,2,Active Collaborator
Dubai,United Arab Emirates,25.215622633333332,55.24569806666667,9,12.0,1.3333333333333333,121.0,13.444444444444445,8.17,5.0,1434.0,1434.0,0.0006325369161008,0.0379510268106336,3.5,49450,33.0,99.0,1.3,0,3.5,Middle East,3.43,34.57,409.71,2,Active Collaborator
Mountain View,United States,37.3861,-122.0839,9,18.0,2.0,244.0,27.11111111111111,6.52,4.0,2954.0,2954.0,0.0,0.0795980215179201,0.08,76330,88.2,92.0,3.46,0,-8.0,North America,225.0,3050.0,36925.0,0,Global Innovation Hub
Istanbul,Turkey,41.00779577777777,28.97783811111111,9,8.0,0.8888888888888888,130.0,14.444444444444445,10.15,7.0,1377.0,1377.0,0.0006191733696101,0.0357083487504531,15.6,10674,99.0,83.0,1.09,1,2.0,Middle East,0.51,8.33,88.27,2,Active Collaborator
Cupertino,United States,37.323,-122.0322,9,15.0,1.6666666666666667,76.0,8.444444444444445,7.05,2.5,801.0,801.0,0.0086750358605706,0.0217222695511169,0.06,76330,88.2,92.0,3.46,0,-8.0,North America,250.0,1266.67,13350.0,0,Global Innovation Hub
Tel Aviv,Israel,32.0853,34.7818,8,9.0,1.125,149.0,18.625,10.03,7.0,1334.0,1334.0,0.0006149284396226,0.0355057468768594,4.1,52170,63.0,90.0,5.44,1,2.5,Middle East,2.2,36.34,325.37,2,Active Collaborator
Philadelphia,United States,39.9526,-75.1652,8,7.0,0.875,161.0,20.125,12.84,9.0,1554.0,1554.0,0.0015375805772016,0.0420066626796048,6.2,76330,88.2,92.0,3.46,1,-5.0,North America,1.13,25.97,250.65,2,Active Collaborator
Ottawa,Canada,45.4189531875,-75.6981289,8,7.0,0.875,105.0,13.125,7.9,5.0,1106.0,1106.0,0.0021705989314934,0.0293111633465264,1.0,52080,75.0,93.0,1.69,0,-5.0,North America,7.0,105.0,1106.0,2,Active Collaborator
Hefei,China,31.82634595,117.2339785,8,8.0,1.0,97.0,12.125,9.22,5.0,680.0,680.0,0.0654860496831443,0.0196325886789734,9.4,12720,60.0,73.0,2.55,1,8.0,East Asia,0.85,10.32,72.34,3,Emerging Contributor
Aachen,Germany,50.776351,6.083862,8,0.0,0.0,0.0,0.0,,,0.0,0.0,0.0,0.0,0.25,51380,72.0,93.0,3.13,1,0.5,Europe,0.0,0.0,0.0,1,Peripheral / Late Adopter
Abu Dhabi,United Arab Emirates,24.4539,54.3773,8,8.0,1.0,95.0,11.875,9.33,6.0,762.0,762.0,0.0268545361593444,0.0202223806406849,1.5,49450,33.0,99.0,1.3,0,3.5,Middle East,5.33,63.33,508.0,3,Emerging Contributor
Hamburg,Germany,53.5511,9.9937,7,10.0,1.4285714285714286,173.0,24.714285714285715,9.57,7.0,2178.0,2178.0,0.0,0.0571772624852501,1.9,51380,72.0,93.0,3.13,0,0.5,Europe,5.26,91.05,1146.32,2,Active Collaborator
Mumbai,India,19.076,72.8777,7,10.0,1.4285714285714286,241.0,34.42857142857143,9.14,5.0,2861.0,2861.0,0.0004714371997423,0.0719687589098784,20.7,2485,30.0,52.0,0.65,1,5.0,South Asia,0.48,11.64,138.21,2,Active Collaborator
Prague,Czech Republic,50.0755,14.4378,7,8.0,1.1428571428571428,161.0,23.0,9.6,5.0,2006.0,2006.0,0.0,0.0524672227096413,1.3,27220,66.0,88.0,1.95,1,1.0,Europe,6.15,123.85,1543.08,2,Active Collaborator
Hanoi,Vietnam,21.0280286,105.84270328571428,7,6.0,0.8571428571428571,55.0,7.857142857142857,5.91,3.0,604.0,604.0,0.0086872732476481,0.0154903705231413,8.4,4164,28.5,79.0,0.43,1,7.0,Southeast Asia,0.71,6.55,71.9,3,Emerging Contributor
Tianjin,China,39.34340000000001,117.3616,7,8.0,1.1428571428571428,72.0,10.285714285714286,8.11,6.0,545.0,545.0,0.0526034552077375,0.015861675409255,13.9,12720,60.0,73.0,2.55,0,8.0,East Asia,0.58,5.18,39.21,3,Emerging Contributor
Baltimore,United States,39.2908816,-76.610759,7,0.0,0.0,0.0,0.0,,,0.0,0.0,0.0,0.0,2.8,76330,88.2,92.0,3.46,0,-5.0,North America,0.0,0.0,0.0,1,Peripheral / Late Adopter
Daejeon,South Korea,36.3504,127.3845,7,9.0,1.2857142857142858,32.0,4.571428571428571,6.59,4.0,185.0,185.0,0.4700458914629176,0.0048977590497864,1.5,32255,98.0,97.6,4.93,1,8.5,East Asia,6.0,21.33,123.33,3,Emerging Contributor
Pune,India,18.5204,73.8567,7,9.0,1.2857142857142858,257.0,36.714285714285715,10.64,7.0,2782.0,2782.0,0.0,0.0717401674902599,7.4,2485,30.0,52.0,0.65,1,5.0,South Asia,1.22,34.73,375.95,2,Active Collaborator
Warsaw,Poland,52.2297,21.0122,6,6.0,1.0,146.0,24.333333333333332,10.4,6.0,1912.0,1912.0,0.0001831857393884,0.0504657461041874,1.8,18320,67.0,87.0,1.44,1,1.5,Europe,3.33,81.11,1062.22,2,Active Collaborator
Vienna,Austria,48.2082,16.3738,6,8.0,1.3333333333333333,159.0,26.5,8.65,5.0,2281.0,2281.0,0.0,0.0592441754857419,2.0,52085,90.0,93.0,3.2,1,1.0,Europe,4.0,79.5,1140.5,2,Active Collaborator
Hyderabad,India,17.385,78.4867,6,9.0,1.5,222.0,37.0,9.53,6.0,2572.0,2572.0,0.0004426423648802,0.0651240051298954,10.0,2485,30.0,52.0,0.65,1,5.0,South Asia,0.9,22.2,257.2,2,Active Collaborator
Champaign,United States,40.1164841,-88.24309320000002,6,0.0,0.0,0.0,0.0,,,0.0,0.0,0.0,0.0,0.09,76330,88.2,92.0,3.46,1,-6.0,North America,0.0,0.0,0.0,1,Peripheral / Late Adopter
Rome,Italy,41.9028,12.4964,6,6.0,1.0,76.0,12.666666666666666,8.0,4.0,1075.0,1075.0,0.0081935320870445,0.026381760268988,4.3,34085,64.0,90.0,1.43,1,1.0,Europe,1.4,17.67,250.0,3,Emerging Contributor
Dublin,Ireland,53.349799999999995,-6.2603,6,7.0,1.1666666666666667,163.0,27.166666666666668,9.18,6.0,2228.0,2228.0,0.0001994934706396,0.0590400248003205,1.4,103685,78.0,92.0,1.23,1,-0.5,Europe,5.0,116.43,1591.43,2,Active Collaborator
Ho Chi Minh City,Vietnam,10.7993127,106.66590235,6,4.0,0.6666666666666666,84.0,14.0,9.7,7.5,1095.0,1095.0,0.0007861220295699,0.0277475989594997,9.3,4164,28.5,79.0,0.43,0,7.0,Southeast Asia,0.43,9.03,117.74,2,Active Collaborator
Santa Clara,United States,37.356851633333335,-121.95715843333332,6,0.0,0.0,0.0,0.0,,,0.0,0.0,0.0,0.0,0.13,76330,88.2,92.0,3.46,0,-8.0,North America,0.0,0.0,0.0,1,Peripheral / Late Adopter
Lahore,Pakistan,31.5656822,74.3141829,6,0.0,0.0,0.0,0.0,,,0.0,0.0,0.0,0.0,13.0,1470,10.0,36.5,0.22,0,5.0,South Asia,0.0,0.0,0.0,1,Peripheral / Late Adopter
Jakarta,Indonesia,-6.2088,106.8456,6,11.0,1.8333333333333333,57.0,9.5,7.0,4.0,508.0,508.0,0.0140706610724751,0.0129781155794676,10.6,4788,36.0,66.0,0.28,1,7.0,Southeast Asia,1.04,5.38,47.92,3,Emerging Contributor
Cairo,Egypt,30.0444,31.2357,6,8.0,1.3333333333333333,76.0,12.666666666666666,9.82,7.0,800.0,800.0,0.006529005005837,0.0205127169831741,21.3,3635,35.0,72.0,0.96,1,2.0,Middle East,0.38,3.57,37.56,3,Emerging Contributor
Mars,France,45.022172,4.3221548,5,0.0,0.0,0.0,0.0,,,0.0,0.0,0.0,0.0,0.015,42330,67.0,92.0,2.22,0,0.5,Europe,0.0,0.0,0.0,1,Peripheral / Late Adopter
Chongqing,China,30.05518,107.8748712,5,0.0,0.0,0.0,0.0,,,0.0,0.0,0.0,0.0,32.1,12720,60.0,73.0,2.55,0,7.0,East Asia,0.0,0.0,0.0,1,Peripheral / Late Adopter
Ahmedabad,India,23.0215374,72.5800568,5,0.0,0.0,0.0,0.0,,,0.0,0.0,0.0,0.0,8.3,2485,30.0,52.0,0.65,0,5.0,South Asia,0.0,0.0,0.0,1,Peripheral / Late Adopter
Helsinki,Finland,60.16911405999999,24.9412584,5,9.0,1.8,85.0,17.0,9.76,6.0,1092.0,1092.0,0.0003323011179035,0.0280282816909152,1.3,50550,93.0,96.0,2.94,1,1.5,Europe,6.92,65.38,840.0,2,Active Collaborator
Princeton,United States,40.34528726,-74.65918876,5,0.0,0.0,0.0,0.0,,,0.0,0.0,0.0,0.0,0.03,76330,88.2,92.0,3.46,1,-5.0,North America,0.0,0.0,0.0,1,Peripheral / Late Adopter
Menlo Park,United States,37.4519671,-122.177992,5,0.0,0.0,0.0,0.0,,,0.0,0.0,0.0,0.0,0.035,76330,88.2,92.0,3.46,0,-8.0,North America,0.0,0.0,0.0,1,Peripheral / Late Adopter
Houston,United States,29.760399999999997,-95.3698,5,5.0,1.0,123.0,24.6,9.89,6.0,1550.0,1550.0,0.0022092649260087,0.0405612365211734,7.1,76330,88.2,92.0,3.46,0,-6.5,North America,0.7,17.32,218.31,2,Active Collaborator
Sofia,Bulgaria,42.6977028,23.3217359,5,0.0,0.0,0.0,0.0,,,0.0,0.0,0.0,0.0,1.3,13980,79.0,80.0,0.85,0,1.5,Europe,0.0,0.0,0.0,1,Peripheral / Late Adopter
Catania,Italy,37.51168312,15.067589320000002,5,0.0,0.0,0.0,0.0,,,0.0,0.0,0.0,0.0,0.31,34085,64.0,90.0,1.43,0,1.0,Europe,0.0,0.0,0.0,1,Peripheral / Late Adopter
Karlsruhe,Germany,49.0068705,8.4034195,5,0.0,0.0,0.0,0.0,,,0.0,0.0,0.0,0.0,0.31,51380,72.0,93.0,3.13,1,0.5,Europe,0.0,0.0,0.0,1,Peripheral / Late Adopter
Sunnyvale,United States,37.3688,-122.0363,5,6.0,1.2,156.0,31.2,8.76,5.5,1957.0,1957.0,0.0039965874770614,0.0534760626441253,0.16,76330,88.2,92.0,3.46,0,-8.0,North America,37.5,975.0,12231.25,0,Global Innovation Hub
Suzhou,China,31.3014246,120.59249762,5,6.0,1.2,106.0,21.2,6.74,3.0,1127.0,1127.0,0.0090418038732085,0.0307536080688518,12.7,12720,60.0,73.0,2.55,0,8.0,East Asia,0.47,8.35,88.74,3,Emerging Contributor
Brisbane,Australia,-27.4698,153.0251,5,5.0,1.0,83.0,16.6,8.25,4.0,955.0,955.0,0.004424025783834,0.0240907824042627,2.6,63530,113.0,96.0,1.68,1,10.0,Oceania,1.92,31.92,367.31,3,Emerging Contributor
Karachi,Pakistan,24.85747622,67.0329021,5,0.0,0.0,0.0,0.0,,,0.0,0.0,0.0,0.0,16.1,1470,10.0,36.5,0.22,0,4.5,South Asia,0.0,0.0,0.0,1,Peripheral / Late Adopter
Hsinchu,Taiwan,24.8138,120.9675,5,6.0,1.2,39.0,7.8,8.26,5.0,472.0,472.0,0.0155597070677772,0.0128586650713535,0.45,32756,84.0,90.0,3.76,1,8.0,East Asia,13.33,86.67,1048.89,3,Emerging Contributor
Bangkok,Thailand,13.7563,100.5018,4,4.0,1.0,75.0,18.75,8.84,4.0,905.0,905.0,0.0038383945257947,0.0239169063235472,10.7,7066,49.0,88.0,1.34,1,6.5,Southeast Asia,0.37,7.01,84.58,3,Emerging Contributor
Miami,United States,25.7617,-80.1918,4,5.0,1.25,175.0,43.75,6.69,3.0,1576.0,1576.0,0.0001994934706396,0.0401074536032995,6.2,76330,88.2,92.0,3.46,0,-5.5,North America,0.81,28.23,254.19,2,Active Collaborator
Milan,Italy,45.4642,9.19,4,4.0,1.0,125.0,31.25,8.73,5.0,1514.0,1514.0,0.0001346053134668,0.0402528843774017,3.2,34085,64.0,90.0,1.43,1,0.5,Europe,1.25,39.06,473.12,2,Active Collaborator
Moscow,Russia,55.7558,37.6173,4,5.0,1.25,127.0,31.75,11.5,8.0,1620.0,1620.0,0.0,0.0416873752207544,12.6,11480,82.0,88.0,1.1,1,2.5,Europe,0.4,10.08,128.57,2,Active Collaborator
Lviv,Ukraine,49.84830495,24.0272492,4,0.0,0.0,0.0,0.0,,,0.0,0.0,0.0,0.0,0.72,4535,82.0,75.0,0.41,0,1.5,Europe,0.0,0.0,0.0,1,Peripheral / Late Adopter
Denver,United States,39.7392,-104.9903,4,6.0,1.5,141.0,35.25,8.27,5.0,1888.0,1888.0,0.0,0.0486935857910349,2.9,76330,88.2,92.0,3.46,0,-7.0,North America,2.07,48.62,651.03,2,Active Collaborator
Cleveland,United States,41.4996574,-81.6936772,4,0.0,0.0,0.0,0.0,,,0.0,0.0,0.0,0.0,2.1,76330,88.2,92.0,3.46,0,-5.5,North America,0.0,0.0,0.0,1,Peripheral / Late Adopter
Harbin,China,45.7593633,126.6276177,4,0.0,0.0,0.0,0.0,,,0.0,0.0,0.0,0.0,10.0,12720,60.0,73.0,2.55,0,8.5,East Asia,0.0,0.0,0.0,1,Peripheral / Late Adopter
Lausanne,Switzerland,46.5197,6.6323,4,5.0,1.25,69.0,17.25,10.61,7.0,829.0,829.0,0.0093370365140428,0.0216315457310517,0.42,91930,63.0,96.0,3.37,1,0.5,Europe,11.9,164.29,1973.81,3,Emerging Contributor
Sandwell,United Kingdom,52.5019896,-2.0209184,4,0.0,0.0,0.0,0.0,,,0.0,0.0,0.0,0.0,0.33,46125,62.0,95.0,2.9,0,0.0,Europe,0.0,0.0,0.0,1,Peripheral / Late Adopter
Edinburgh,United Kingdom,55.9533,-3.1883,4,4.0,1.0,90.0,22.5,10.4,6.0,901.0,901.0,0.0109390733162694,0.0248493296755748,0.54,46125,62.0,95.0,2.9,2,0.0,Europe,7.41,166.67,1668.52,3,Emerging Contributor
Kunming,China,25.041748,102.72471405,4,0.0,0.0,0.0,0.0,,,0.0,0.0,0.0,0.0,8.5,12720,60.0,73.0,2.55,0,7.0,East Asia,0.0,0.0,0.0,1,Peripheral / Late Adopter
Ankara,Turkey,39.9334,32.8597,4,4.0,1.0,67.0,16.75,7.4,5.0,871.0,871.0,0.0049546141657634,0.0227246854444195,5.7,10674,99.0,83.0,1.09,0,2.0,Middle East,0.7,11.75,152.81,3,Emerging Contributor
Florida,United States,27.8943654,-81.7624207,4,0.0,0.0,0.0,0.0,,,0.0,0.0,0.0,0.0,22.2,76330,88.2,92.0,3.46,0,-5.5,North America,0.0,0.0,0.0,1,Peripheral / Late Adopter
Chennai,India,13.0827,80.2707,4,5.0,1.25,134.0,33.5,9.91,6.5,1753.0,1753.0,0.0,0.044046313322918,10.9,2485,30.0,52.0,0.65,1,5.5,South Asia,0.46,12.29,160.83,2,Active Collaborator
Shenyang,China,41.8026095,123.4279105,4,0.0,0.0,0.0,0.0,,,0.0,0.0,0.0,0.0,9.1,12720,60.0,73.0,2.55,0,8.0,East Asia,0.0,0.0,0.0,1,Peripheral / Late Adopter
Kathmandu,Nepal,27.708317,85.3205817,4,0.0,0.0,0.0,0.0,,,0.0,0.0,0.0,0.0,1.5,1336,14.0,52.0,0.3,0,5.5,South Asia,0.0,0.0,0.0,1,Peripheral / Late Adopter
Urbana,United States,40.1117174,-88.207301,4,0.0,0.0,0.0,0.0,,,0.0,0.0,0.0,0.0,0.04,76330,88.2,92.0,3.46,1,-6.0,North America,0.0,0.0,0.0,1,Peripheral / Late Adopter
Islamabad,Pakistan,33.6938118,73.0651511,4,0.0,0.0,0.0,0.0,,,0.0,0.0,0.0,0.0,1.2,1470,10.0,36.5,0.22,0,5.0,South Asia,0.0,0.0,0.0,1,Peripheral / Late Adopter
Cambridge,United States,42.36199805,-71.10942055000001,4,31.0,7.75,336.0,84.0,7.95,4.5,3237.0,3237.0,0.0,0.0878119178596044,0.16,76330,88.2,92.0,3.46,2,-4.5,North America,193.75,2100.0,20231.25,0,Global Innovation Hub
Athens,Greece,37.9838,23.7275,4,4.0,1.0,72.0,18.0,9.32,7.0,949.0,949.0,0.0043407656831333,0.0248171966821542,3.2,20867,143.0,83.0,1.46,0,1.5,Europe,1.25,22.5,296.56,3,Emerging Contributor
Tallinn,Estonia,59.437242,24.7572693,4,0.0,0.0,0.0,0.0,,,0.0,0.0,0.0,0.0,0.45,28310,70.0,92.0,1.76,0,1.5,Europe,0.0,0.0,0.0,1,Peripheral / Late Adopter
Kuala Lumpur,Malaysia,3.0942767499999997,101.67839595,4,2.0,0.5,58.0,14.5,10.88,9.5,615.0,615.0,0.0269029354687828,0.0164388115339431,8.0,12570,43.0,97.0,1.04,1,7.0,Southeast Asia,0.25,7.25,76.88,3,Emerging Contributor
Budapest,Hungary,47.497899999999994,19.0402,3,3.0,1.0,83.0,27.666666666666668,10.07,6.0,1170.0,1170.0,0.001632464855458,0.029894913107758,1.8,18390,47.0,89.0,1.62,0,1.5,Europe,1.67,46.11,650.0,2,Active Collaborator
Orlando,United States,28.5612782,-81.31840613333334,3,0.0,0.0,0.0,0.0,,,0.0,0.0,0.0,0.0,2.7,76330,88.2,92.0,3.46,0,-5.5,North America,0.0,0.0,0.0,1,Peripheral / Late Adopter
Nuremberg,Germany,49.453872,11.077298,3,0.0,0.0,0.0,0.0,,,0.0,0.0,0.0,0.0,0.52,51380,72.0,93.0,3.13,0,0.5,Europe,0.0,0.0,0.0,1,Peripheral / Late Adopter
Kyoto,Japan,35.0116,135.7681,3,3.0,1.0,29.0,9.666666666666666,5.79,3.0,315.0,315.0,0.0999404068772688,0.0081263164205144,1.5,33815,65.5,93.0,3.26,1,9.0,East Asia,2.0,19.33,210.0,3,Emerging Contributor
Ann Arbor,United States,42.2808,-83.743,3,4.0,1.3333333333333333,59.0,19.666666666666668,9.12,6.0,772.0,772.0,0.0062261124376612,0.0198060519629197,0.37,76330,88.2,92.0,3.46,1,-5.5,North America,10.81,159.46,2086.49,3,Emerging Contributor
Geneva,Switzerland,46.2044,6.1432,3,5.0,1.6666666666666667,41.0,13.666666666666666,5.34,3.0,453.0,453.0,0.0172163716145611,0.0122972711127922,0.64,91930,63.0,96.0,3.37,1,0.5,Europe,7.81,64.06,707.81,3,Emerging Contributor
Addis Ababa,Ethiopia,9.014304,38.7255313,3,0.0,0.0,0.0,0.0,,,0.0,0.0,0.0,0.0,5.2,1020,9.0,25.0,0.27,0,2.5,Africa,0.0,0.0,0.0,1,Peripheral / Late Adopter
Zhuhai,China,22.273734,113.5721327,3,0.0,0.0,0.0,0.0,,,0.0,0.0,0.0,0.0,2.4,12720,60.0,73.0,2.55,0,7.5,East Asia,0.0,0.0,0.0,1,Peripheral / Late Adopter
Hildesheim,Germany,52.173993200000005,9.9321267,3,0.0,0.0,0.0,0.0,,,0.0,0.0,0.0,0.0,0.1,51380,72.0,93.0,3.13,0,0.5,Europe,0.0,0.0,0.0,1,Peripheral / Late Adopter
Kolkata,India,22.572600000000005,88.3639,3,4.0,1.3333333333333333,138.0,46.0,8.57,4.0,1500.0,1500.0,0.0073827897769711,0.0373421669398882,15.1,2485,30.0,52.0,0.65,1,6.0,South Asia,0.26,9.14,99.34,3,Emerging Contributor
Kansas City,United States,39.1045554,-94.59426006666666,3,0.0,0.0,0.0,0.0,,,0.0,0.0,0.0,0.0,2.2,76330,88.2,92.0,3.46,0,-6.5,North America,0.0,0.0,0.0,1,Peripheral / Late Adopter
Phoenix,United States,33.4484,-112.074,3,3.0,1.0,50.0,16.666666666666668,7.44,4.0,662.0,662.0,0.0256540433695567,0.0169142814723399,4.9,76330,88.2,92.0,3.46,0,-7.5,North America,0.61,10.2,135.1,3,Emerging Contributor
England,United Kingdom,52.82130033333333,-1.6992782666666664,3,0.0,0.0,0.0,0.0,,,0.0,0.0,0.0,0.0,56.5,46125,62.0,95.0,2.9,0,0.0,Europe,0.0,0.0,0.0,1,Peripheral / Late Adopter
Jinan,China,36.6519754,117.1138479,3,0.0,0.0,0.0,0.0,,,0.0,0.0,0.0,0.0,9.2,12720,60.0,73.0,2.55,0,8.0,East Asia,0.0,0.0,0.0,1,Peripheral / Late Adopter
Utrecht,Netherlands,52.0907006,5.1215634,3,0.0,0.0,0.0,0.0,,,0.0,0.0,0.0,0.0,0.36,57025,88.0,95.0,2.32,0,0.5,Europe,0.0,0.0,0.0,1,Peripheral / Late Adopter
Belgrade,Serbia,44.8153318,20.4456588,3,0.0,0.0,0.0,0.0,,,0.0,0.0,0.0,0.0,1.7,9530,73.0,81.0,0.99,0,1.5,Europe,0.0,0.0,0.0,1,Peripheral / Late Adopter
Bellevue,United States,47.6144219,-122.192337,3,0.0,0.0,0.0,0.0,,,0.0,0.0,0.0,0.0,0.15,76330,88.2,92.0,3.46,0,-8.0,North America,0.0,0.0,0.0,1,Peripheral / Late Adopter
Dalian,China,38.913683166666665,121.6130671,3,2.0,0.6666666666666666,37.0,12.333333333333334,10.19,6.0,297.0,297.0,0.2077672507976097,0.0081064872542766,7.5,12720,60.0,73.0,2.55,0,8.0,East Asia,0.27,4.93,39.6,3,Emerging Contributor
Wroclaw,Poland,51.1089776,17.0326689,3,0.0,0.0,0.0,0.0,,,0.0,0.0,0.0,0.0,0.64,18320,67.0,87.0,1.44,0,1.0,Europe,0.0,0.0,0.0,1,Peripheral / Late Adopter
Delft,Netherlands,52.01160000000001,4.3571,3,3.0,1.0,73.0,24.333333333333332,10.44,6.0,691.0,691.0,0.0143233235829065,0.0189011938167441,0.1,57025,88.0,95.0,2.32,1,0.5,Europe,30.0,730.0,6910.0,3,Emerging Contributor
Delhi,India,28.7041,77.1025,3,4.0,1.3333333333333333,127.0,42.333333333333336,10.46,8.0,1559.0,1559.0,0.0003209073405687,0.0390682085282437,16.8,2485,30.0,52.0,0.65,1,5.0,South Asia,0.24,7.56,92.8,2,Active Collaborator
Sao Paulo,Brazil,-23.5505,-46.6333,3,5.0,1.6666666666666667,175.0,58.333333333333336,11.13,8.0,1890.0,1890.0,0.0030159573440391,0.0486553927452174,22.0,8920,55.0,84.0,1.16,1,-3.0,Latin America,0.23,7.95,85.91,2,Active Collaborator
College Park,United States,38.980666,-76.9369189,3,0.0,0.0,0.0,0.0,,,0.0,0.0,0.0,0.0,0.03,76330,88.2,92.0,3.46,1,-5.0,North America,0.0,0.0,0.0,1,Peripheral / Late Adopter
Waterloo,Canada,43.4643,-80.5204,3,4.0,1.3333333333333333,75.0,25.0,10.41,6.0,1059.0,1059.0,0.0038127573662889,0.0278527561190232,0.58,52080,75.0,93.0,1.69,1,-5.5,North America,6.9,129.31,1825.86,3,Emerging Contributor
Xiamen,China,24.4801069,118.0853479,3,0.0,0.0,0.0,0.0,,,0.0,0.0,0.0,0.0,5.3,12720,60.0,73.0,2.55,0,8.0,East Asia,0.0,0.0,0.0,1,Peripheral / Late Adopter
Boulder,United States,40.015,-105.2705,3,3.0,1.0,76.0,25.333333333333332,8.79,4.5,1128.0,1128.0,0.002974253812537,0.0294251231729033,0.33,76330,88.2,92.0,3.46,1,-7.0,North America,9.09,230.3,3418.18,2,Active Collaborator
Chapel Hill,United States,35.9131542,-79.05578,3,0.0,0.0,0.0,0.0,,,0.0,0.0,0.0,0.0,0.06,76330,88.2,92.0,3.46,1,-5.5,North America,0.0,0.0,0.0,1,Peripheral / Late Adopter
Saint Louis,United States,38.6254063,-90.190009,3,0.0,0.0,0.0,0.0,,,0.0,0.0,0.0,0.0,2.8,76330,88.2,92.0,3.46,0,-6.0,North America,0.0,0.0,0.0,1,Peripheral / Late Adopter
Tempe,United States,33.4255117,-111.940016,3,0.0,0.0,0.0,0.0,,,0.0,0.0,0.0,0.0,0.19,76330,88.2,92.0,3.46,0,-7.5,North America,0.0,0.0,0.0,1,Peripheral / Late Adopter
Texas,United States,31.97204616666667,-97.83110923333334,3,0.0,0.0,0.0,0.0,,,0.0,0.0,0.0,0.0,30.0,76330,88.2,92.0,3.46,0,-6.5,North America,0.0,0.0,0.0,1,Peripheral / Late Adopter
Edmonton,Canada,53.5461,-113.4938,3,4.0,1.3333333333333333,39.0,13.0,10.15,5.0,480.0,480.0,0.0553204383557575,0.0124239967928162,1.1,52080,75.0,93.0,1.69,0,-7.5,North America,3.64,35.45,436.36,3,Emerging Contributor
